<?xml version="1.0" encoding="UTF-8" standalone="no"?>
<featureModel>
    <properties/>
    <struct>
        <and abstract="true" mandatory="true" name="FeatureRetrievalTechniques">
            <or name="SupportStrategies">
                <feature name="ExpertDrivenExtraction"/>
                <feature name="Heuristics"/>
                <feature name="RuleBased"/>
            </or>
            <or mandatory="true" name="RetrievalStrategies">
                <or name="StaticAnalysis">
                    <alt name="DependencyAnalysis">
                        <feature name="Data"/>
                        <feature name="Control"/>
                        <feature name="Structural"/>
                    </alt>
                    <alt name="DataFlowAnalysis">
                        <feature name="Forward"/>
                        <feature name="Backward"/>
                    </alt>
                    <feature name="Clustering"/>
                </or>
                <or name="InformationRetrieval">
                    <feature name="LSI"/>
                    <feature name="VSM"/>
                    <feature name="FCA"/>
                </or>
            </or>
        </and>
    </struct>
    <constraints/>
    <calculations Auto="true" Constraints="true" Features="true" Redundant="true" Tautology="true"/>
    <comments/>
    <featureOrder userDefined="false"/>
</featureModel>
